{

  "genres": "all, entertainment, family, kidz, lifestyle, locals, movies, music, news, religion, shopping, spanish, sports",
  
  "netflix": "Netflix",
  "amazon": "Amazon Video",
  "hbogo": "HBO Go",
  "xfinityondemand": "Xfinity on Demand",
  "hulu": "Hulu",
  "youtube": "YouTube",
  "mlbtv": "MLB.TV",
  "plex": "Plex",
  "vudu": "VUDU",
  "epix": "EPIX",
  "hsn": "HSN",
  "vevo": "Vevo",
  "alt": "The ALT Channel",
  "flixfling": "FlixFling",
  "toongoggles": "Toon Goggles",
  "wwe": "WWE Network",
  "yahoo": "Yahoo",
  "yupptv": "YuppTV",
  "opera": "Opera TV",
  "ameba": "Ameba TV",
  "tubi": "Tubi TV",

  "iheartradio": "I Heart Radio",
  "pandora": "Pandora",
  "plex_m": "Plex Music",
  "vevo_m": "Vevo Music",

  "txt_welcome": "Welcome to Tivo Control. ,",
  "txt_launch": "You can say things like Alexa, tell Tivo to pause, or Alexa, launch Plex. ,",
  "txt_card": "I've added a card to your Alexa app with more help and detailed examples.",
  "txt_help": "Welcome to TiVo Control! You can use this skill to voice control your TiVos through Alexa-enabled devices like the Amazon Echo or Dot.\n\u22C5\nAll of the voice commands start with 'Alexa, tell/ask TiVo to ...':\n\u22C5\nTRICKPLAY\n... pause\n... play\n... (double/triple) fast forward \n... skip/advance ahead (30 second skip)\n... skip commercials (for SkipMode-enabled recordings)\n... (double/triple) rewind\n... replay (sends instant replay twice)\n... record this show\n\u22C5\nCHANGING CHANNELS\n... change/go to channel <channel number> (on/in <box name>)\n... force channel <channel number> (on/in <box name>) (cancels recording if necessary)\n<channel number> must be a channel enabled in your Channel List\n... put on <channel name> (on/in <box name>)\n<channel name> must be mapped to the proper channel number in your TiVo Control configuration (see channels.json)\n... last/previous channel\n... list my channels (by <genre>) (also adds a card to your Alexa app listing your named channels)\n<genre> must be mapped to the proper channel number in your TiVo Control configuration (see channels.json)\n... list genres\ngenres are configured in genres variable in apps.js\n\u22C5\n\nFEATURES\n... turn on/off captions\n... turn on/off/toggle QuickMode\n... thumbs up/down\n\u22C5\nPLACES\n... go to/show Live TV\n... go to/show Guide\n... go Home/TiVo Central\n... go to/show My Shows/Now Playing\n... go to/show my OnePasses\n... go to/show my WishLists\n... go to/show my To Do List\n... search <phrase>\n<phrase> can be one to five words for TiVo to search by\n... go to/show my history\n... what to watch\n\u22C5\nPROVIDERS\n... launch/start/open <provider name>\n... list providers (also adds a card to your Alexa app listing all available providers)\n\u22C5\nBOX SELECTION\n... control/use <box name> (where <box name> matches the name of a TiVo you have set up in the configuration file)\n... which box\n... list boxes (also adds a card to your Alexa app listing your configured TiVo Boxes)\n\u22C5\nADVANCED\n... type <phrase>\n<phrase> can be one to five words to type into a text field\n... execute macro <macro name>\n<macro name> is the name of a user-defined macro in the macros.json file\n... list macros (also adds a card to your Alexa app listing all user-defined macros)\n... send the <command> command\n<command> can be any command defined in the TiVo TCP Remote Protocol. For example:\n\u22C5\n- KEYBOARD commands (letters, numbers, etc.)\n- IRCODE commands (thumbs up/down, navigation (up, down, left, right), etc.)\n\u22C5\nSending individual commands to the TiVo with Alexa can be cumbersome since each command needs to be issued separately (i.e., 'Alexa, tell TiVo to send the down command', 'Alexa, tell TiVo to send the select command'). For complex interactions, using the physical remote control is the better method.\n\u22C5\nOTHER\n... for Help: add this card to your Alexa app\n",
  "txt_notenabled": " is not enabled. You can say Alexa, ask TiVo to list my providers to get a list of enabled providers for the current TiVo.",
  "txt_enabledlist": "The following providers are enabled on your ",
  "txt_enabledlist2": " TiVo box. ,",
  "txt_enabledcard": ", I've also added a card to your Alexa app with this list.",
  "txt_providercard": "Here's a list of video and audio providers along with whether or not they are enabled for TiVo Control on your ",
  "txt_providercard2": " TiVo box:\n\u22C5\n",
  "txt_providerfooter": "\n\u22C5\nYou must update your config.json file in the TiVo Control directory and mark the providers you have active on each TiVo as 'true'. This is used by the program to dynamically determine the remote key-presses required to navigate to the proper menu item.",
  "txt_undefinedtivo": "Sorry, I couldn't find a TiVo named ",
  "txt_undefinedtivo2": " in your TiVo Control configuration file.",
  "txt_tivolist": "The following TiVo boxes are configured for TiVo Control:\n\u22C5\n",
  "txt_tivofooter": "\n\u22C5\nUse the names above when asking TiVo Control to switch between TiVo boxes (i.e., 'Alexa, tell TiVo to control Family Room.'\n\u22C5\nYou must update your config.json file in the TiVo Control directory and add a section for each TiVo box you want to control with this program.",
  "txt_onetivo": "Sorry, only one TiVo box is set up for TiVo Control in your configuration file, so I can't switch to that box.",
  "txt_undefinedchannel": "Sorry, I couldn't find a channel named ",
  "txt_undefinedchannel2": " in your TiVo Control channel mapping file.",
  "txt_channelscard": "Here's a list of ",
  "txt_channelscard2": " channels you can put on by name.\n\u22C5\n",
  "txt_channelsfooter": "\n\u22C5\nYou must update your channels.json file in the TiVo Control directory with any channel names (and their corresponding numbers) that you want to be able to switch to by name.",
  "txt_listtoolong": "Your channel list is too long to list. Try listing channels by genre instead",
  "txt_genrecard": "Here's a list of genres you can use to filter your channel list.\n\u22C5\n",
  "txt_genrefooter": "\n\u22C5\nYou can customize this list by editing the genres string in constants.json.",

  "txt_nomacros": "Sorry, user-defined macros have not been enabled in your config.json file.",
  "txt_macronotfound": "Sorry, I couldn't find a macro named ",
  "txt_macronotfound2": " in your macros configuration file.",
  "txt_macrocard": "The following user-defined macros are available for the 'Alexa, tell TiVo to execute macro <macro name>' command:\n\u22C5\n",
  "txt_macrocard2": "\n\u22C5\nYou can create more user-defined macros in the macros.json file.",

  "alexaTestAppId": "amzn1.echo-sdk-ams.app.000000-d0ed-0000-ad00-000000d00ebe"
}
